day,date,month,daily_revenue_usd,daily_cost_usd,daily_profit_usd,daily_profit_brl,cumulative_revenue_usd,cumulative_cost_usd,cumulative_profit_usd,cumulative_profit_brl,multiplier
1,2026-03-01,2026-03,0.132,0.4608,-0.3288,-1.8084,0.13,0.46,-0.33,-1.81,1.0
2,2026-03-02,2026-03,0.132,0.4608,-0.3288,-1.8084,0.26,0.92,-0.66,-3.62,1.0
3,2026-03-03,2026-03,0.132,0.4608,-0.3288,-1.8084,0.4,1.38,-0.99,-5.43,1.0
4,2026-03-04,2026-03,0.132,0.4608,-0.3288,-1.8084,0.53,1.84,-1.32,-7.23,1.0
5,2026-03-05,2026-03,0.132,0.4608,-0.3288,-1.8084,0.66,2.3,-1.64,-9.04,1.0
6,2026-03-06,2026-03,0.132,0.4608,-0.3288,-1.8084,0.79,2.76,-1.97,-10.85,1.0
7,2026-03-07,2026-03,0.132,0.4608,-0.3288,-1.8084,0.92,3.23,-2.3,-12.66,1.0
8,2026-03-08,2026-03,0.132,0.4608,-0.3288,-1.8084,1.06,3.69,-2.63,-14.47,1.0
9,2026-03-09,2026-03,0.132,0.4608,-0.3288,-1.8084,1.19,4.15,-2.96,-16.28,1.0
10,2026-03-10,2026-03,0.132,0.4608,-0.3288,-1.8084,1.32,4.61,-3.29,-18.08,1.0
11,2026-03-11,2026-03,0.132,0.4608,-0.3288,-1.8084,1.45,5.07,-3.62,-19.89,1.0
12,2026-03-12,2026-03,0.132,0.4608,-0.3288,-1.8084,1.58,5.53,-3.95,-21.7,1.0
13,2026-03-13,2026-03,0.132,0.4608,-0.3288,-1.8084,1.72,5.99,-4.27,-23.51,1.0
14,2026-03-14,2026-03,0.132,0.4608,-0.3288,-1.8084,1.85,6.45,-4.6,-25.32,1.0
15,2026-03-15,2026-03,0.132,0.4608,-0.3288,-1.8084,1.98,6.91,-4.93,-27.13,1.0
16,2026-03-16,2026-03,0.132,0.4608,-0.3288,-1.8084,2.11,7.37,-5.26,-28.93,1.0
17,2026-03-17,2026-03,0.132,0.4608,-0.3288,-1.8084,2.24,7.83,-5.59,-30.74,1.0
18,2026-03-18,2026-03,0.132,0.4608,-0.3288,-1.8084,2.38,8.29,-5.92,-32.55,1.0
19,2026-03-19,2026-03,0.132,0.4608,-0.3288,-1.8084,2.51,8.76,-6.25,-34.36,1.0
20,2026-03-20,2026-03,0.132,0.4608,-0.3288,-1.8084,2.64,9.22,-6.58,-36.17,1.0
21,2026-03-21,2026-03,0.132,0.4608,-0.3288,-1.8084,2.77,9.68,-6.9,-37.98,1.0
22,2026-03-22,2026-03,0.132,0.4608,-0.3288,-1.8084,2.9,10.14,-7.23,-39.78,1.0
23,2026-03-23,2026-03,0.132,0.4608,-0.3288,-1.8084,3.04,10.6,-7.56,-41.59,1.0
24,2026-03-24,2026-03,0.132,0.4608,-0.3288,-1.8084,3.17,11.06,-7.89,-43.4,1.0
25,2026-03-25,2026-03,0.132,0.4608,-0.3288,-1.8084,3.3,11.52,-8.22,-45.21,1.0
26,2026-03-26,2026-03,0.132,0.4608,-0.3288,-1.8084,3.43,11.98,-8.55,-47.02,1.0
27,2026-03-27,2026-03,0.132,0.4608,-0.3288,-1.8084,3.56,12.44,-8.88,-48.83,1.0
28,2026-03-28,2026-03,0.132,0.4608,-0.3288,-1.8084,3.7,12.9,-9.21,-50.64,1.0
29,2026-03-29,2026-03,0.132,0.4608,-0.3288,-1.8084,3.83,13.36,-9.54,-52.44,1.0
30,2026-03-30,2026-03,0.132,0.4608,-0.3288,-1.8084,3.96,13.82,-9.86,-54.25,1.0
31,2026-03-31,2026-03,0.1254,0.4608,-0.3354,-1.8447,4.09,14.28,-10.2,-56.1,0.95
32,2026-04-01,2026-04,0.1254,0.4608,-0.3354,-1.8447,4.21,14.75,-10.53,-57.94,0.95
33,2026-04-02,2026-04,0.1254,0.4608,-0.3354,-1.8447,4.34,15.21,-10.87,-59.79,0.95
34,2026-04-03,2026-04,0.1254,0.4608,-0.3354,-1.8447,4.46,15.67,-11.21,-61.63,0.95
35,2026-04-04,2026-04,0.1254,0.4608,-0.3354,-1.8447,4.59,16.13,-11.54,-63.48,0.95
36,2026-04-05,2026-04,0.1254,0.4608,-0.3354,-1.8447,4.71,16.59,-11.88,-65.32,0.95
37,2026-04-06,2026-04,0.1254,0.4608,-0.3354,-1.8447,4.84,17.05,-12.21,-67.16,0.95
38,2026-04-07,2026-04,0.1254,0.4608,-0.3354,-1.8447,4.96,17.51,-12.55,-69.01,0.95
39,2026-04-08,2026-04,0.1254,0.4608,-0.3354,-1.8447,5.09,17.97,-12.88,-70.85,0.95
40,2026-04-09,2026-04,0.1254,0.4608,-0.3354,-1.8447,5.21,18.43,-13.22,-72.7,0.95
41,2026-04-10,2026-04,0.1254,0.4608,-0.3354,-1.8447,5.34,18.89,-13.55,-74.54,0.95
42,2026-04-11,2026-04,0.1254,0.4608,-0.3354,-1.8447,5.46,19.35,-13.89,-76.39,0.95
43,2026-04-12,2026-04,0.1254,0.4608,-0.3354,-1.8447,5.59,19.81,-14.22,-78.23,0.95
44,2026-04-13,2026-04,0.1254,0.4608,-0.3354,-1.8447,5.72,20.28,-14.56,-80.08,0.95
45,2026-04-14,2026-04,0.1254,0.4608,-0.3354,-1.8447,5.84,20.74,-14.89,-81.92,0.95
46,2026-04-15,2026-04,0.1254,0.4608,-0.3354,-1.8447,5.97,21.2,-15.23,-83.77,0.95
47,2026-04-16,2026-04,0.1254,0.4608,-0.3354,-1.8447,6.09,21.66,-15.57,-85.61,0.95
48,2026-04-17,2026-04,0.1254,0.4608,-0.3354,-1.8447,6.22,22.12,-15.9,-87.46,0.95
49,2026-04-18,2026-04,0.1254,0.4608,-0.3354,-1.8447,6.34,22.58,-16.24,-89.3,0.95
50,2026-04-19,2026-04,0.1254,0.4608,-0.3354,-1.8447,6.47,23.04,-16.57,-91.15,0.95
51,2026-04-20,2026-04,0.1254,0.4608,-0.3354,-1.8447,6.59,23.5,-16.91,-92.99,0.95
52,2026-04-21,2026-04,0.1254,0.4608,-0.3354,-1.8447,6.72,23.96,-17.24,-94.84,0.95
53,2026-04-22,2026-04,0.1254,0.4608,-0.3354,-1.8447,6.84,24.42,-17.58,-96.68,0.95
54,2026-04-23,2026-04,0.1254,0.4608,-0.3354,-1.8447,6.97,24.88,-17.91,-98.52,0.95
55,2026-04-24,2026-04,0.1254,0.4608,-0.3354,-1.8447,7.1,25.34,-18.25,-100.37,0.95
56,2026-04-25,2026-04,0.1254,0.4608,-0.3354,-1.8447,7.22,25.8,-18.58,-102.21,0.95
57,2026-04-26,2026-04,0.1254,0.4608,-0.3354,-1.8447,7.35,26.27,-18.92,-104.06,0.95
58,2026-04-27,2026-04,0.1254,0.4608,-0.3354,-1.8447,7.47,26.73,-19.26,-105.9,0.95
59,2026-04-28,2026-04,0.1254,0.4608,-0.3354,-1.8447,7.6,27.19,-19.59,-107.75,0.95
60,2026-04-29,2026-04,0.1254,0.4608,-0.3354,-1.8447,7.72,27.65,-19.93,-109.59,0.95
61,2026-04-30,2026-04,0.1162,0.4608,-0.3446,-1.8955,7.84,28.11,-20.27,-111.49,0.88
62,2026-05-01,2026-05,0.1162,0.4608,-0.3446,-1.8955,7.95,28.57,-20.62,-113.38,0.88
63,2026-05-02,2026-05,0.1162,0.4608,-0.3446,-1.8955,8.07,29.03,-20.96,-115.28,0.88
64,2026-05-03,2026-05,0.1162,0.4608,-0.3446,-1.8955,8.19,29.49,-21.3,-117.18,0.88
65,2026-05-04,2026-05,0.1162,0.4608,-0.3446,-1.8955,8.3,29.95,-21.65,-119.07,0.88
66,2026-05-05,2026-05,0.1162,0.4608,-0.3446,-1.8955,8.42,30.41,-21.99,-120.97,0.88
67,2026-05-06,2026-05,0.1162,0.4608,-0.3446,-1.8955,8.54,30.87,-22.34,-122.86,0.88
68,2026-05-07,2026-05,0.1162,0.4608,-0.3446,-1.8955,8.65,31.33,-22.68,-124.76,0.88
69,2026-05-08,2026-05,0.1162,0.4608,-0.3446,-1.8955,8.77,31.8,-23.03,-126.65,0.88
70,2026-05-09,2026-05,0.1162,0.4608,-0.3446,-1.8955,8.88,32.26,-23.37,-128.55,0.88
71,2026-05-10,2026-05,0.1162,0.4608,-0.3446,-1.8955,9.0,32.72,-23.72,-130.44,0.88
72,2026-05-11,2026-05,0.1162,0.4608,-0.3446,-1.8955,9.12,33.18,-24.06,-132.34,0.88
73,2026-05-12,2026-05,0.1162,0.4608,-0.3446,-1.8955,9.23,33.64,-24.41,-134.23,0.88
74,2026-05-13,2026-05,0.1162,0.4608,-0.3446,-1.8955,9.35,34.1,-24.75,-136.13,0.88
75,2026-05-14,2026-05,0.1162,0.4608,-0.3446,-1.8955,9.46,34.56,-25.1,-138.03,0.88
76,2026-05-15,2026-05,0.1162,0.4608,-0.3446,-1.8955,9.58,35.02,-25.44,-139.92,0.88
77,2026-05-16,2026-05,0.1162,0.4608,-0.3446,-1.8955,9.7,35.48,-25.78,-141.82,0.88
78,2026-05-17,2026-05,0.1162,0.4608,-0.3446,-1.8955,9.81,35.94,-26.13,-143.71,0.88
79,2026-05-18,2026-05,0.1162,0.4608,-0.3446,-1.8955,9.93,36.4,-26.47,-145.61,0.88
80,2026-05-19,2026-05,0.1162,0.4608,-0.3446,-1.8955,10.05,36.86,-26.82,-147.5,0.88
81,2026-05-20,2026-05,0.1162,0.4608,-0.3446,-1.8955,10.16,37.32,-27.16,-149.4,0.88
82,2026-05-21,2026-05,0.1162,0.4608,-0.3446,-1.8955,10.28,37.79,-27.51,-151.29,0.88
83,2026-05-22,2026-05,0.1162,0.4608,-0.3446,-1.8955,10.39,38.25,-27.85,-153.19,0.88
84,2026-05-23,2026-05,0.1162,0.4608,-0.3446,-1.8955,10.51,38.71,-28.2,-155.09,0.88
85,2026-05-24,2026-05,0.1162,0.4608,-0.3446,-1.8955,10.63,39.17,-28.54,-156.98,0.88
86,2026-05-25,2026-05,0.1162,0.4608,-0.3446,-1.8955,10.74,39.63,-28.89,-158.88,0.88
87,2026-05-26,2026-05,0.1162,0.4608,-0.3446,-1.8955,10.86,40.09,-29.23,-160.77,0.88
88,2026-05-27,2026-05,0.1162,0.4608,-0.3446,-1.8955,10.97,40.55,-29.58,-162.67,0.88
89,2026-05-28,2026-05,0.1162,0.4608,-0.3446,-1.8955,11.09,41.01,-29.92,-164.56,0.88
90,2026-05-29,2026-05,0.1162,0.4608,-0.3446,-1.8955,11.21,41.47,-30.27,-166.46,0.88
91,2026-05-30,2026-05,0.1082,0.4608,-0.3526,-1.9391,11.32,41.93,-30.62,-168.4,0.82
92,2026-05-31,2026-05,0.1082,0.4608,-0.3526,-1.9391,11.42,42.39,-30.97,-170.34,0.82
93,2026-06-01,2026-06,0.1082,0.4608,-0.3526,-1.9391,11.53,42.85,-31.32,-172.28,0.82
94,2026-06-02,2026-06,0.1082,0.4608,-0.3526,-1.9391,11.64,43.32,-31.68,-174.21,0.82
95,2026-06-03,2026-06,0.1082,0.4608,-0.3526,-1.9391,11.75,43.78,-32.03,-176.15,0.82
96,2026-06-04,2026-06,0.1082,0.4608,-0.3526,-1.9391,11.86,44.24,-32.38,-178.09,0.82
97,2026-06-05,2026-06,0.1082,0.4608,-0.3526,-1.9391,11.96,44.7,-32.73,-180.03,0.82
98,2026-06-06,2026-06,0.1082,0.4608,-0.3526,-1.9391,12.07,45.16,-33.09,-181.97,0.82
99,2026-06-07,2026-06,0.1082,0.4608,-0.3526,-1.9391,12.18,45.62,-33.44,-183.91,0.82
100,2026-06-08,2026-06,0.1082,0.4608,-0.3526,-1.9391,12.29,46.08,-33.79,-185.85,0.82
101,2026-06-09,2026-06,0.1082,0.4608,-0.3526,-1.9391,12.4,46.54,-34.14,-187.79,0.82
102,2026-06-10,2026-06,0.1082,0.4608,-0.3526,-1.9391,12.51,47.0,-34.5,-189.73,0.82
103,2026-06-11,2026-06,0.1082,0.4608,-0.3526,-1.9391,12.61,47.46,-34.85,-191.67,0.82
104,2026-06-12,2026-06,0.1082,0.4608,-0.3526,-1.9391,12.72,47.92,-35.2,-193.61,0.82
105,2026-06-13,2026-06,0.1082,0.4608,-0.3526,-1.9391,12.83,48.38,-35.55,-195.54,0.82
106,2026-06-14,2026-06,0.1082,0.4608,-0.3526,-1.9391,12.94,48.84,-35.91,-197.48,0.82
107,2026-06-15,2026-06,0.1082,0.4608,-0.3526,-1.9391,13.05,49.31,-36.26,-199.42,0.82
108,2026-06-16,2026-06,0.1082,0.4608,-0.3526,-1.9391,13.16,49.77,-36.61,-201.36,0.82
109,2026-06-17,2026-06,0.1082,0.4608,-0.3526,-1.9391,13.26,50.23,-36.96,-203.3,0.82
110,2026-06-18,2026-06,0.1082,0.4608,-0.3526,-1.9391,13.37,50.69,-37.32,-205.24,0.82
111,2026-06-19,2026-06,0.1082,0.4608,-0.3526,-1.9391,13.48,51.15,-37.67,-207.18,0.82
112,2026-06-20,2026-06,0.1082,0.4608,-0.3526,-1.9391,13.59,51.61,-38.02,-209.12,0.82
113,2026-06-21,2026-06,0.1082,0.4608,-0.3526,-1.9391,13.7,52.07,-38.37,-211.06,0.82
114,2026-06-22,2026-06,0.1082,0.4608,-0.3526,-1.9391,13.8,52.53,-38.73,-213.0,0.82
115,2026-06-23,2026-06,0.1082,0.4608,-0.3526,-1.9391,13.91,52.99,-39.08,-214.94,0.82
116,2026-06-24,2026-06,0.1082,0.4608,-0.3526,-1.9391,14.02,53.45,-39.43,-216.87,0.82
117,2026-06-25,2026-06,0.1082,0.4608,-0.3526,-1.9391,14.13,53.91,-39.78,-218.81,0.82
118,2026-06-26,2026-06,0.1082,0.4608,-0.3526,-1.9391,14.24,54.37,-40.14,-220.75,0.82
119,2026-06-27,2026-06,0.1082,0.4608,-0.3526,-1.9391,14.35,54.84,-40.49,-222.69,0.82
120,2026-06-28,2026-06,0.1082,0.4608,-0.3526,-1.9391,14.45,55.3,-40.84,-224.63,0.82
121,2026-06-29,2026-06,0.103,0.4608,-0.3578,-1.9681,14.56,55.76,-41.2,-226.6,0.78
122,2026-06-30,2026-06,0.103,0.4608,-0.3578,-1.9681,14.66,56.22,-41.56,-228.57,0.78
123,2026-07-01,2026-07,0.103,0.4608,-0.3578,-1.9681,14.76,56.68,-41.92,-230.54,0.78
124,2026-07-02,2026-07,0.103,0.4608,-0.3578,-1.9681,14.87,57.14,-42.27,-232.5,0.78
125,2026-07-03,2026-07,0.103,0.4608,-0.3578,-1.9681,14.97,57.6,-42.63,-234.47,0.78
126,2026-07-04,2026-07,0.103,0.4608,-0.3578,-1.9681,15.07,58.06,-42.99,-236.44,0.78
127,2026-07-05,2026-07,0.103,0.4608,-0.3578,-1.9681,15.17,58.52,-43.35,-238.41,0.78
128,2026-07-06,2026-07,0.103,0.4608,-0.3578,-1.9681,15.28,58.98,-43.7,-240.38,0.78
129,2026-07-07,2026-07,0.103,0.4608,-0.3578,-1.9681,15.38,59.44,-44.06,-242.34,0.78
130,2026-07-08,2026-07,0.103,0.4608,-0.3578,-1.9681,15.48,59.9,-44.42,-244.31,0.78
131,2026-07-09,2026-07,0.103,0.4608,-0.3578,-1.9681,15.59,60.36,-44.78,-246.28,0.78
132,2026-07-10,2026-07,0.103,0.4608,-0.3578,-1.9681,15.69,60.83,-45.14,-248.25,0.78
133,2026-07-11,2026-07,0.103,0.4608,-0.3578,-1.9681,15.79,61.29,-45.49,-250.22,0.78
134,2026-07-12,2026-07,0.103,0.4608,-0.3578,-1.9681,15.9,61.75,-45.85,-252.18,0.78
135,2026-07-13,2026-07,0.103,0.4608,-0.3578,-1.9681,16.0,62.21,-46.21,-254.15,0.78
136,2026-07-14,2026-07,0.103,0.4608,-0.3578,-1.9681,16.1,62.67,-46.57,-256.12,0.78
137,2026-07-15,2026-07,0.103,0.4608,-0.3578,-1.9681,16.2,63.13,-46.93,-258.09,0.78
138,2026-07-16,2026-07,0.103,0.4608,-0.3578,-1.9681,16.31,63.59,-47.28,-260.06,0.78
139,2026-07-17,2026-07,0.103,0.4608,-0.3578,-1.9681,16.41,64.05,-47.64,-262.03,0.78
140,2026-07-18,2026-07,0.103,0.4608,-0.3578,-1.9681,16.51,64.51,-48.0,-263.99,0.78
141,2026-07-19,2026-07,0.103,0.4608,-0.3578,-1.9681,16.62,64.97,-48.36,-265.96,0.78
142,2026-07-20,2026-07,0.103,0.4608,-0.3578,-1.9681,16.72,65.43,-48.71,-267.93,0.78
143,2026-07-21,2026-07,0.103,0.4608,-0.3578,-1.9681,16.82,65.89,-49.07,-269.9,0.78
144,2026-07-22,2026-07,0.103,0.4608,-0.3578,-1.9681,16.93,66.36,-49.43,-271.87,0.78
145,2026-07-23,2026-07,0.103,0.4608,-0.3578,-1.9681,17.03,66.82,-49.79,-273.83,0.78
146,2026-07-24,2026-07,0.103,0.4608,-0.3578,-1.9681,17.13,67.28,-50.15,-275.8,0.78
147,2026-07-25,2026-07,0.103,0.4608,-0.3578,-1.9681,17.23,67.74,-50.5,-277.77,0.78
148,2026-07-26,2026-07,0.103,0.4608,-0.3578,-1.9681,17.34,68.2,-50.86,-279.74,0.78
149,2026-07-27,2026-07,0.103,0.4608,-0.3578,-1.9681,17.44,68.66,-51.22,-281.71,0.78
150,2026-07-28,2026-07,0.103,0.4608,-0.3578,-1.9681,17.54,69.12,-51.58,-283.67,0.78
151,2026-07-29,2026-07,0.095,0.4608,-0.3658,-2.0117,17.64,69.58,-51.94,-285.69,0.72
152,2026-07-30,2026-07,0.095,0.4608,-0.3658,-2.0117,17.73,70.04,-52.31,-287.7,0.72
153,2026-07-31,2026-07,0.095,0.4608,-0.3658,-2.0117,17.83,70.5,-52.67,-289.71,0.72
154,2026-08-01,2026-08,0.095,0.4608,-0.3658,-2.0117,17.92,70.96,-53.04,-291.72,0.72
155,2026-08-02,2026-08,0.095,0.4608,-0.3658,-2.0117,18.02,71.42,-53.41,-293.73,0.72
156,2026-08-03,2026-08,0.095,0.4608,-0.3658,-2.0117,18.11,71.88,-53.77,-295.74,0.72
157,2026-08-04,2026-08,0.095,0.4608,-0.3658,-2.0117,18.21,72.35,-54.14,-297.76,0.72
158,2026-08-05,2026-08,0.095,0.4608,-0.3658,-2.0117,18.3,72.81,-54.5,-299.77,0.72
159,2026-08-06,2026-08,0.095,0.4608,-0.3658,-2.0117,18.4,73.27,-54.87,-301.78,0.72
160,2026-08-07,2026-08,0.095,0.4608,-0.3658,-2.0117,18.49,73.73,-55.23,-303.79,0.72
161,2026-08-08,2026-08,0.095,0.4608,-0.3658,-2.0117,18.59,74.19,-55.6,-305.8,0.72
162,2026-08-09,2026-08,0.095,0.4608,-0.3658,-2.0117,18.68,74.65,-55.97,-307.81,0.72
163,2026-08-10,2026-08,0.095,0.4608,-0.3658,-2.0117,18.78,75.11,-56.33,-309.83,0.72
164,2026-08-11,2026-08,0.095,0.4608,-0.3658,-2.0117,18.87,75.57,-56.7,-311.84,0.72
165,2026-08-12,2026-08,0.095,0.4608,-0.3658,-2.0117,18.97,76.03,-57.06,-313.85,0.72
166,2026-08-13,2026-08,0.095,0.4608,-0.3658,-2.0117,19.06,76.49,-57.43,-315.86,0.72
167,2026-08-14,2026-08,0.095,0.4608,-0.3658,-2.0117,19.16,76.95,-57.8,-317.87,0.72
168,2026-08-15,2026-08,0.095,0.4608,-0.3658,-2.0117,19.25,77.41,-58.16,-319.88,0.72
169,2026-08-16,2026-08,0.095,0.4608,-0.3658,-2.0117,19.35,77.88,-58.53,-321.9,0.72
170,2026-08-17,2026-08,0.095,0.4608,-0.3658,-2.0117,19.44,78.34,-58.89,-323.91,0.72
171,2026-08-18,2026-08,0.095,0.4608,-0.3658,-2.0117,19.54,78.8,-59.26,-325.92,0.72
172,2026-08-19,2026-08,0.095,0.4608,-0.3658,-2.0117,19.63,79.26,-59.62,-327.93,0.72
173,2026-08-20,2026-08,0.095,0.4608,-0.3658,-2.0117,19.73,79.72,-59.99,-329.94,0.72
174,2026-08-21,2026-08,0.095,0.4608,-0.3658,-2.0117,19.82,80.18,-60.36,-331.95,0.72
175,2026-08-22,2026-08,0.095,0.4608,-0.3658,-2.0117,19.92,80.64,-60.72,-333.97,0.72
176,2026-08-23,2026-08,0.095,0.4608,-0.3658,-2.0117,20.01,81.1,-61.09,-335.98,0.72
177,2026-08-24,2026-08,0.095,0.4608,-0.3658,-2.0117,20.11,81.56,-61.45,-337.99,0.72
178,2026-08-25,2026-08,0.095,0.4608,-0.3658,-2.0117,20.2,82.02,-61.82,-340.0,0.72
179,2026-08-26,2026-08,0.095,0.4608,-0.3658,-2.0117,20.3,82.48,-62.18,-342.01,0.72
180,2026-08-27,2026-08,0.095,0.4608,-0.3658,-2.0117,20.39,82.94,-62.55,-344.03,0.72
181,2026-08-28,2026-08,0.0898,0.4608,-0.371,-2.0407,20.48,83.4,-62.92,-346.07,0.68
182,2026-08-29,2026-08,0.0898,0.4608,-0.371,-2.0407,20.57,83.87,-63.29,-348.11,0.68
183,2026-08-30,2026-08,0.0898,0.4608,-0.371,-2.0407,20.66,84.33,-63.66,-350.15,0.68
184,2026-08-31,2026-08,0.0898,0.4608,-0.371,-2.0407,20.75,84.79,-64.03,-352.19,0.68
185,2026-09-01,2026-09,0.0898,0.4608,-0.371,-2.0407,20.84,85.25,-64.41,-354.23,0.68
186,2026-09-02,2026-09,0.0898,0.4608,-0.371,-2.0407,20.93,85.71,-64.78,-356.27,0.68
187,2026-09-03,2026-09,0.0898,0.4608,-0.371,-2.0407,21.02,86.17,-65.15,-358.31,0.68
188,2026-09-04,2026-09,0.0898,0.4608,-0.371,-2.0407,21.11,86.63,-65.52,-360.35,0.68
189,2026-09-05,2026-09,0.0898,0.4608,-0.371,-2.0407,21.2,87.09,-65.89,-362.39,0.68
190,2026-09-06,2026-09,0.0898,0.4608,-0.371,-2.0407,21.29,87.55,-66.26,-364.43,0.68
191,2026-09-07,2026-09,0.0898,0.4608,-0.371,-2.0407,21.38,88.01,-66.63,-366.47,0.68
192,2026-09-08,2026-09,0.0898,0.4608,-0.371,-2.0407,21.47,88.47,-67.0,-368.51,0.68
193,2026-09-09,2026-09,0.0898,0.4608,-0.371,-2.0407,21.56,88.93,-67.37,-370.55,0.68
194,2026-09-10,2026-09,0.0898,0.4608,-0.371,-2.0407,21.65,89.4,-67.74,-372.6,0.68
195,2026-09-11,2026-09,0.0898,0.4608,-0.371,-2.0407,21.74,89.86,-68.12,-374.64,0.68
196,2026-09-12,2026-09,0.0898,0.4608,-0.371,-2.0407,21.83,90.32,-68.49,-376.68,0.68
197,2026-09-13,2026-09,0.0898,0.4608,-0.371,-2.0407,21.92,90.78,-68.86,-378.72,0.68
198,2026-09-14,2026-09,0.0898,0.4608,-0.371,-2.0407,22.01,91.24,-69.23,-380.76,0.68
199,2026-09-15,2026-09,0.0898,0.4608,-0.371,-2.0407,22.1,91.7,-69.6,-382.8,0.68
200,2026-09-16,2026-09,0.0898,0.4608,-0.371,-2.0407,22.19,92.16,-69.97,-384.84,0.68
201,2026-09-17,2026-09,0.0898,0.4608,-0.371,-2.0407,22.28,92.62,-70.34,-386.88,0.68
202,2026-09-18,2026-09,0.0898,0.4608,-0.371,-2.0407,22.37,93.08,-70.71,-388.92,0.68
203,2026-09-19,2026-09,0.0898,0.4608,-0.371,-2.0407,22.46,93.54,-71.08,-390.96,0.68
204,2026-09-20,2026-09,0.0898,0.4608,-0.371,-2.0407,22.55,94.0,-71.45,-393.0,0.68
205,2026-09-21,2026-09,0.0898,0.4608,-0.371,-2.0407,22.64,94.46,-71.83,-395.04,0.68
206,2026-09-22,2026-09,0.0898,0.4608,-0.371,-2.0407,22.73,94.92,-72.2,-397.08,0.68
207,2026-09-23,2026-09,0.0898,0.4608,-0.371,-2.0407,22.82,95.39,-72.57,-399.12,0.68
208,2026-09-24,2026-09,0.0898,0.4608,-0.371,-2.0407,22.91,95.85,-72.94,-401.17,0.68
209,2026-09-25,2026-09,0.0898,0.4608,-0.371,-2.0407,23.0,96.31,-73.31,-403.21,0.68
210,2026-09-26,2026-09,0.0898,0.4608,-0.371,-2.0407,23.09,96.77,-73.68,-405.25,0.68
211,2026-09-27,2026-09,0.0858,0.4608,-0.375,-2.0625,23.17,97.23,-74.06,-407.31,0.65
212,2026-09-28,2026-09,0.0858,0.4608,-0.375,-2.0625,23.26,97.69,-74.43,-409.37,0.65
213,2026-09-29,2026-09,0.0858,0.4608,-0.375,-2.0625,23.34,98.15,-74.81,-411.43,0.65
214,2026-09-30,2026-09,0.0858,0.4608,-0.375,-2.0625,23.43,98.61,-75.18,-413.5,0.65
215,2026-10-01,2026-10,0.0858,0.4608,-0.375,-2.0625,23.52,99.07,-75.56,-415.56,0.65
216,2026-10-02,2026-10,0.0858,0.4608,-0.375,-2.0625,23.6,99.53,-75.93,-417.62,0.65
217,2026-10-03,2026-10,0.0858,0.4608,-0.375,-2.0625,23.69,99.99,-76.31,-419.68,0.65
218,2026-10-04,2026-10,0.0858,0.4608,-0.375,-2.0625,23.77,100.45,-76.68,-421.75,0.65
219,2026-10-05,2026-10,0.0858,0.4608,-0.375,-2.0625,23.86,100.92,-77.06,-423.81,0.65
220,2026-10-06,2026-10,0.0858,0.4608,-0.375,-2.0625,23.94,101.38,-77.43,-425.87,0.65
221,2026-10-07,2026-10,0.0858,0.4608,-0.375,-2.0625,24.03,101.84,-77.81,-427.93,0.65
222,2026-10-08,2026-10,0.0858,0.4608,-0.375,-2.0625,24.12,102.3,-78.18,-430.0,0.65
223,2026-10-09,2026-10,0.0858,0.4608,-0.375,-2.0625,24.2,102.76,-78.56,-432.06,0.65
224,2026-10-10,2026-10,0.0858,0.4608,-0.375,-2.0625,24.29,103.22,-78.93,-434.12,0.65
225,2026-10-11,2026-10,0.0858,0.4608,-0.375,-2.0625,24.37,103.68,-79.31,-436.18,0.65
226,2026-10-12,2026-10,0.0858,0.4608,-0.375,-2.0625,24.46,104.14,-79.68,-438.25,0.65
227,2026-10-13,2026-10,0.0858,0.4608,-0.375,-2.0625,24.55,104.6,-80.06,-440.31,0.65
228,2026-10-14,2026-10,0.0858,0.4608,-0.375,-2.0625,24.63,105.06,-80.43,-442.37,0.65
229,2026-10-15,2026-10,0.0858,0.4608,-0.375,-2.0625,24.72,105.52,-80.81,-444.43,0.65
230,2026-10-16,2026-10,0.0858,0.4608,-0.375,-2.0625,24.8,105.98,-81.18,-446.5,0.65
231,2026-10-17,2026-10,0.0858,0.4608,-0.375,-2.0625,24.89,106.44,-81.56,-448.56,0.65
232,2026-10-18,2026-10,0.0858,0.4608,-0.375,-2.0625,24.97,106.91,-81.93,-450.62,0.65
233,2026-10-19,2026-10,0.0858,0.4608,-0.375,-2.0625,25.06,107.37,-82.31,-452.68,0.65
234,2026-10-20,2026-10,0.0858,0.4608,-0.375,-2.0625,25.15,107.83,-82.68,-454.75,0.65
235,2026-10-21,2026-10,0.0858,0.4608,-0.375,-2.0625,25.23,108.29,-83.06,-456.81,0.65
236,2026-10-22,2026-10,0.0858,0.4608,-0.375,-2.0625,25.32,108.75,-83.43,-458.87,0.65
237,2026-10-23,2026-10,0.0858,0.4608,-0.375,-2.0625,25.4,109.21,-83.81,-460.93,0.65
238,2026-10-24,2026-10,0.0858,0.4608,-0.375,-2.0625,25.49,109.67,-84.18,-463.0,0.65
239,2026-10-25,2026-10,0.0858,0.4608,-0.375,-2.0625,25.57,110.13,-84.56,-465.06,0.65
240,2026-10-26,2026-10,0.0858,0.4608,-0.375,-2.0625,25.66,110.59,-84.93,-467.12,0.65
241,2026-10-27,2026-10,0.0792,0.4608,-0.3816,-2.0988,25.74,111.05,-85.31,-469.22,0.6
242,2026-10-28,2026-10,0.0792,0.4608,-0.3816,-2.0988,25.82,111.51,-85.69,-471.32,0.6
243,2026-10-29,2026-10,0.0792,0.4608,-0.3816,-2.0988,25.9,111.97,-86.08,-473.42,0.6
244,2026-10-30,2026-10,0.0792,0.4608,-0.3816,-2.0988,25.98,112.44,-86.46,-475.52,0.6
245,2026-10-31,2026-10,0.0792,0.4608,-0.3816,-2.0988,26.06,112.9,-86.84,-477.62,0.6
246,2026-11-01,2026-11,0.0792,0.4608,-0.3816,-2.0988,26.14,113.36,-87.22,-479.71,0.6
247,2026-11-02,2026-11,0.0792,0.4608,-0.3816,-2.0988,26.22,113.82,-87.6,-481.81,0.6
248,2026-11-03,2026-11,0.0792,0.4608,-0.3816,-2.0988,26.29,114.28,-87.98,-483.91,0.6
249,2026-11-04,2026-11,0.0792,0.4608,-0.3816,-2.0988,26.37,114.74,-88.37,-486.01,0.6
250,2026-11-05,2026-11,0.0792,0.4608,-0.3816,-2.0988,26.45,115.2,-88.75,-488.11,0.6
251,2026-11-06,2026-11,0.0792,0.4608,-0.3816,-2.0988,26.53,115.66,-89.13,-490.21,0.6
252,2026-11-07,2026-11,0.0792,0.4608,-0.3816,-2.0988,26.61,116.12,-89.51,-492.31,0.6
253,2026-11-08,2026-11,0.0792,0.4608,-0.3816,-2.0988,26.69,116.58,-89.89,-494.41,0.6
254,2026-11-09,2026-11,0.0792,0.4608,-0.3816,-2.0988,26.77,117.04,-90.27,-496.5,0.6
255,2026-11-10,2026-11,0.0792,0.4608,-0.3816,-2.0988,26.85,117.5,-90.66,-498.6,0.6
256,2026-11-11,2026-11,0.0792,0.4608,-0.3816,-2.0988,26.93,117.96,-91.04,-500.7,0.6
257,2026-11-12,2026-11,0.0792,0.4608,-0.3816,-2.0988,27.01,118.43,-91.42,-502.8,0.6
258,2026-11-13,2026-11,0.0792,0.4608,-0.3816,-2.0988,27.09,118.89,-91.8,-504.9,0.6
259,2026-11-14,2026-11,0.0792,0.4608,-0.3816,-2.0988,27.17,119.35,-92.18,-507.0,0.6
260,2026-11-15,2026-11,0.0792,0.4608,-0.3816,-2.0988,27.24,119.81,-92.56,-509.1,0.6
261,2026-11-16,2026-11,0.0792,0.4608,-0.3816,-2.0988,27.32,120.27,-92.94,-511.2,0.6
262,2026-11-17,2026-11,0.0792,0.4608,-0.3816,-2.0988,27.4,120.73,-93.33,-513.3,0.6
263,2026-11-18,2026-11,0.0792,0.4608,-0.3816,-2.0988,27.48,121.19,-93.71,-515.39,0.6
264,2026-11-19,2026-11,0.0792,0.4608,-0.3816,-2.0988,27.56,121.65,-94.09,-517.49,0.6
265,2026-11-20,2026-11,0.0792,0.4608,-0.3816,-2.0988,27.64,122.11,-94.47,-519.59,0.6
266,2026-11-21,2026-11,0.0792,0.4608,-0.3816,-2.0988,27.72,122.57,-94.85,-521.69,0.6
267,2026-11-22,2026-11,0.0792,0.4608,-0.3816,-2.0988,27.8,123.03,-95.23,-523.79,0.6
268,2026-11-23,2026-11,0.0792,0.4608,-0.3816,-2.0988,27.88,123.49,-95.62,-525.89,0.6
269,2026-11-24,2026-11,0.0792,0.4608,-0.3816,-2.0988,27.96,123.96,-96.0,-527.99,0.6
270,2026-11-25,2026-11,0.0792,0.4608,-0.3816,-2.0988,28.04,124.42,-96.38,-530.09,0.6
271,2026-11-26,2026-11,0.0766,0.4608,-0.3842,-2.1133,28.11,124.88,-96.76,-532.2,0.58
272,2026-11-27,2026-11,0.0766,0.4608,-0.3842,-2.1133,28.19,125.34,-97.15,-534.31,0.58
273,2026-11-28,2026-11,0.0766,0.4608,-0.3842,-2.1133,28.27,125.8,-97.53,-536.43,0.58
274,2026-11-29,2026-11,0.0766,0.4608,-0.3842,-2.1133,28.34,126.26,-97.92,-538.54,0.58
275,2026-11-30,2026-11,0.0766,0.4608,-0.3842,-2.1133,28.42,126.72,-98.3,-540.65,0.58
276,2026-12-01,2026-12,0.0766,0.4608,-0.3842,-2.1133,28.5,127.18,-98.68,-542.77,0.58
277,2026-12-02,2026-12,0.0766,0.4608,-0.3842,-2.1133,28.57,127.64,-99.07,-544.88,0.58
278,2026-12-03,2026-12,0.0766,0.4608,-0.3842,-2.1133,28.65,128.1,-99.45,-546.99,0.58
279,2026-12-04,2026-12,0.0766,0.4608,-0.3842,-2.1133,28.73,128.56,-99.84,-549.11,0.58
280,2026-12-05,2026-12,0.0766,0.4608,-0.3842,-2.1133,28.8,129.02,-100.22,-551.22,0.58
281,2026-12-06,2026-12,0.0766,0.4608,-0.3842,-2.1133,28.88,129.48,-100.61,-553.33,0.58
282,2026-12-07,2026-12,0.0766,0.4608,-0.3842,-2.1133,28.96,129.95,-100.99,-555.45,0.58
283,2026-12-08,2026-12,0.0766,0.4608,-0.3842,-2.1133,29.03,130.41,-101.37,-557.56,0.58
284,2026-12-09,2026-12,0.0766,0.4608,-0.3842,-2.1133,29.11,130.87,-101.76,-559.67,0.58
285,2026-12-10,2026-12,0.0766,0.4608,-0.3842,-2.1133,29.19,131.33,-102.14,-561.79,0.58
286,2026-12-11,2026-12,0.0766,0.4608,-0.3842,-2.1133,29.26,131.79,-102.53,-563.9,0.58
287,2026-12-12,2026-12,0.0766,0.4608,-0.3842,-2.1133,29.34,132.25,-102.91,-566.01,0.58
288,2026-12-13,2026-12,0.0766,0.4608,-0.3842,-2.1133,29.41,132.71,-103.3,-568.13,0.58
289,2026-12-14,2026-12,0.0766,0.4608,-0.3842,-2.1133,29.49,133.17,-103.68,-570.24,0.58
290,2026-12-15,2026-12,0.0766,0.4608,-0.3842,-2.1133,29.57,133.63,-104.06,-572.35,0.58
291,2026-12-16,2026-12,0.0766,0.4608,-0.3842,-2.1133,29.64,134.09,-104.45,-574.47,0.58
292,2026-12-17,2026-12,0.0766,0.4608,-0.3842,-2.1133,29.72,134.55,-104.83,-576.58,0.58
293,2026-12-18,2026-12,0.0766,0.4608,-0.3842,-2.1133,29.8,135.01,-105.22,-578.69,0.58
294,2026-12-19,2026-12,0.0766,0.4608,-0.3842,-2.1133,29.87,135.48,-105.6,-580.81,0.58
295,2026-12-20,2026-12,0.0766,0.4608,-0.3842,-2.1133,29.95,135.94,-105.99,-582.92,0.58
296,2026-12-21,2026-12,0.0766,0.4608,-0.3842,-2.1133,30.03,136.4,-106.37,-585.03,0.58
297,2026-12-22,2026-12,0.0766,0.4608,-0.3842,-2.1133,30.1,136.86,-106.75,-587.15,0.58
298,2026-12-23,2026-12,0.0766,0.4608,-0.3842,-2.1133,30.18,137.32,-107.14,-589.26,0.58
299,2026-12-24,2026-12,0.0766,0.4608,-0.3842,-2.1133,30.26,137.78,-107.52,-591.37,0.58
300,2026-12-25,2026-12,0.0766,0.4608,-0.3842,-2.1133,30.33,138.24,-107.91,-593.49,0.58
301,2026-12-26,2026-12,0.0726,0.4608,-0.3882,-2.1351,30.41,138.7,-108.29,-595.62,0.55
302,2026-12-27,2026-12,0.0726,0.4608,-0.3882,-2.1351,30.48,139.16,-108.68,-597.76,0.55
303,2026-12-28,2026-12,0.0726,0.4608,-0.3882,-2.1351,30.55,139.62,-109.07,-599.89,0.55
304,2026-12-29,2026-12,0.0726,0.4608,-0.3882,-2.1351,30.62,140.08,-109.46,-602.03,0.55
305,2026-12-30,2026-12,0.0726,0.4608,-0.3882,-2.1351,30.7,140.54,-109.85,-604.16,0.55
306,2026-12-31,2026-12,0.0726,0.4608,-0.3882,-2.1351,30.77,141.0,-110.24,-606.3,0.55
307,2027-01-01,2027-01,0.0726,0.4608,-0.3882,-2.1351,30.84,141.47,-110.62,-608.43,0.55
308,2027-01-02,2027-01,0.0726,0.4608,-0.3882,-2.1351,30.91,141.93,-111.01,-610.57,0.55
309,2027-01-03,2027-01,0.0726,0.4608,-0.3882,-2.1351,30.99,142.39,-111.4,-612.7,0.55
310,2027-01-04,2027-01,0.0726,0.4608,-0.3882,-2.1351,31.06,142.85,-111.79,-614.84,0.55
311,2027-01-05,2027-01,0.0726,0.4608,-0.3882,-2.1351,31.13,143.31,-112.18,-616.97,0.55
312,2027-01-06,2027-01,0.0726,0.4608,-0.3882,-2.1351,31.2,143.77,-112.56,-619.11,0.55
313,2027-01-07,2027-01,0.0726,0.4608,-0.3882,-2.1351,31.28,144.23,-112.95,-621.24,0.55
314,2027-01-08,2027-01,0.0726,0.4608,-0.3882,-2.1351,31.35,144.69,-113.34,-623.38,0.55
315,2027-01-09,2027-01,0.0726,0.4608,-0.3882,-2.1351,31.42,145.15,-113.73,-625.51,0.55
316,2027-01-10,2027-01,0.0726,0.4608,-0.3882,-2.1351,31.5,145.61,-114.12,-627.65,0.55
317,2027-01-11,2027-01,0.0726,0.4608,-0.3882,-2.1351,31.57,146.07,-114.51,-629.78,0.55
318,2027-01-12,2027-01,0.0726,0.4608,-0.3882,-2.1351,31.64,146.53,-114.89,-631.92,0.55
319,2027-01-13,2027-01,0.0726,0.4608,-0.3882,-2.1351,31.71,147.0,-115.28,-634.05,0.55
320,2027-01-14,2027-01,0.0726,0.4608,-0.3882,-2.1351,31.79,147.46,-115.67,-636.19,0.55
321,2027-01-15,2027-01,0.0726,0.4608,-0.3882,-2.1351,31.86,147.92,-116.06,-638.32,0.55
322,2027-01-16,2027-01,0.0726,0.4608,-0.3882,-2.1351,31.93,148.38,-116.45,-640.46,0.55
323,2027-01-17,2027-01,0.0726,0.4608,-0.3882,-2.1351,32.0,148.84,-116.84,-642.59,0.55
324,2027-01-18,2027-01,0.0726,0.4608,-0.3882,-2.1351,32.08,149.3,-117.22,-644.73,0.55
325,2027-01-19,2027-01,0.0726,0.4608,-0.3882,-2.1351,32.15,149.76,-117.61,-646.86,0.55
326,2027-01-20,2027-01,0.0726,0.4608,-0.3882,-2.1351,32.22,150.22,-118.0,-649.0,0.55
327,2027-01-21,2027-01,0.0726,0.4608,-0.3882,-2.1351,32.29,150.68,-118.39,-651.13,0.55
328,2027-01-22,2027-01,0.0726,0.4608,-0.3882,-2.1351,32.37,151.14,-118.78,-653.27,0.55
329,2027-01-23,2027-01,0.0726,0.4608,-0.3882,-2.1351,32.44,151.6,-119.16,-655.4,0.55
330,2027-01-24,2027-01,0.0726,0.4608,-0.3882,-2.1351,32.51,152.06,-119.55,-657.54,0.55
331,2027-01-25,2027-01,0.066,0.4608,-0.3948,-2.1714,32.58,152.52,-119.95,-659.71,0.5
332,2027-01-26,2027-01,0.066,0.4608,-0.3948,-2.1714,32.64,152.99,-120.34,-661.88,0.5
333,2027-01-27,2027-01,0.066,0.4608,-0.3948,-2.1714,32.71,153.45,-120.74,-664.05,0.5
334,2027-01-28,2027-01,0.066,0.4608,-0.3948,-2.1714,32.78,153.91,-121.13,-666.22,0.5
335,2027-01-29,2027-01,0.066,0.4608,-0.3948,-2.1714,32.84,154.37,-121.53,-668.4,0.5
336,2027-01-30,2027-01,0.066,0.4608,-0.3948,-2.1714,32.91,154.83,-121.92,-670.57,0.5
337,2027-01-31,2027-01,0.066,0.4608,-0.3948,-2.1714,32.97,155.29,-122.32,-672.74,0.5
338,2027-02-01,2027-02,0.066,0.4608,-0.3948,-2.1714,33.04,155.75,-122.71,-674.91,0.5
339,2027-02-02,2027-02,0.066,0.4608,-0.3948,-2.1714,33.11,156.21,-123.11,-677.08,0.5
340,2027-02-03,2027-02,0.066,0.4608,-0.3948,-2.1714,33.17,156.67,-123.5,-679.25,0.5
341,2027-02-04,2027-02,0.066,0.4608,-0.3948,-2.1714,33.24,157.13,-123.9,-681.42,0.5
342,2027-02-05,2027-02,0.066,0.4608,-0.3948,-2.1714,33.3,157.59,-124.29,-683.6,0.5
343,2027-02-06,2027-02,0.066,0.4608,-0.3948,-2.1714,33.37,158.05,-124.68,-685.77,0.5
344,2027-02-07,2027-02,0.066,0.4608,-0.3948,-2.1714,33.44,158.52,-125.08,-687.94,0.5
345,2027-02-08,2027-02,0.066,0.4608,-0.3948,-2.1714,33.5,158.98,-125.47,-690.11,0.5
346,2027-02-09,2027-02,0.066,0.4608,-0.3948,-2.1714,33.57,159.44,-125.87,-692.28,0.5
347,2027-02-10,2027-02,0.066,0.4608,-0.3948,-2.1714,33.63,159.9,-126.26,-694.45,0.5
348,2027-02-11,2027-02,0.066,0.4608,-0.3948,-2.1714,33.7,160.36,-126.66,-696.62,0.5
349,2027-02-12,2027-02,0.066,0.4608,-0.3948,-2.1714,33.77,160.82,-127.05,-698.79,0.5
350,2027-02-13,2027-02,0.066,0.4608,-0.3948,-2.1714,33.83,161.28,-127.45,-700.97,0.5
351,2027-02-14,2027-02,0.066,0.4608,-0.3948,-2.1714,33.9,161.74,-127.84,-703.14,0.5
352,2027-02-15,2027-02,0.066,0.4608,-0.3948,-2.1714,33.96,162.2,-128.24,-705.31,0.5
353,2027-02-16,2027-02,0.066,0.4608,-0.3948,-2.1714,34.03,162.66,-128.63,-707.48,0.5
354,2027-02-17,2027-02,0.066,0.4608,-0.3948,-2.1714,34.1,163.12,-129.03,-709.65,0.5
355,2027-02-18,2027-02,0.066,0.4608,-0.3948,-2.1714,34.16,163.58,-129.42,-711.82,0.5
356,2027-02-19,2027-02,0.066,0.4608,-0.3948,-2.1714,34.23,164.04,-129.82,-713.99,0.5
357,2027-02-20,2027-02,0.066,0.4608,-0.3948,-2.1714,34.29,164.51,-130.21,-716.17,0.5
358,2027-02-21,2027-02,0.066,0.4608,-0.3948,-2.1714,34.36,164.97,-130.61,-718.34,0.5
359,2027-02-22,2027-02,0.066,0.4608,-0.3948,-2.1714,34.43,165.43,-131.0,-720.51,0.5
360,2027-02-23,2027-02,0.066,0.4608,-0.3948,-2.1714,34.49,165.89,-131.4,-722.68,0.5
361,2027-02-24,2027-02,0.066,0.4608,-0.3948,-2.1714,34.56,166.35,-131.79,-724.85,0.5
362,2027-02-25,2027-02,0.066,0.4608,-0.3948,-2.1714,34.62,166.81,-132.19,-727.02,0.5
363,2027-02-26,2027-02,0.066,0.4608,-0.3948,-2.1714,34.69,167.27,-132.58,-729.19,0.5
364,2027-02-27,2027-02,0.066,0.4608,-0.3948,-2.1714,34.76,167.73,-132.98,-731.37,0.5
365,2027-02-28,2027-02,0.066,0.4608,-0.3948,-2.1714,34.82,168.19,-133.37,-733.54,0.5
